"nomor_rencana_produksi";"id_user";"keterangan";"tanggal_rencana";"tanggal_input";"status";"created_at";"created_by";"updated_at";"updated_by"
"WOS2005-0001";"3";"Tes";"2020-05-12";"2020-05-29";"1";NULL;NULL;NULL;NULL
"WOS2005-0002";"3";"Tes";"2020-05-29";"2020-05-29";"1";NULL;NULL;NULL;NULL
"WOS2006-0001";"3";"tes";"2020-05-30";"2020-06-03";"1";NULL;NULL;NULL;NULL
"WOS2006-0002";"3";NULL;"2020-06-11";"2020-06-11";"1";NULL;NULL;NULL;NULL
"WOS2006-0003";"3";NULL;"2020-06-12";"2020-06-12";"1";NULL;NULL;NULL;NULL
"WOS2008-0001";"3";NULL;"2020-08-24";"2020-08-31";"1";NULL;NULL;NULL;NULL
"WOS2009-0001";"3";"pakai karung polos";"2020-09-15";"2020-09-14";"1";NULL;NULL;NULL;NULL
"WOS2110-0001";"3";NULL;"2021-10-05";"2021-10-04";"0";NULL;NULL;NULL;NULL
"WOS2110-0002";"3";NULL;"2021-10-06";"2021-10-06";"1";NULL;NULL;NULL;NULL
"WOS2110-0003";"3";NULL;"2021-10-07";"2021-10-06";"1";NULL;NULL;NULL;NULL
"WOS2110-0004";"3";NULL;"2021-10-08";"2021-10-07";"1";NULL;NULL;NULL;NULL
"WOS2110-0005";"3";NULL;"2021-10-09";"2021-10-08";"1";NULL;NULL;NULL;NULL
"WOS2110-0006";"3";NULL;"2021-10-11";"2021-10-11";"1";NULL;NULL;NULL;NULL
"WOS2110-0007";"3";NULL;"2021-10-12";"2021-10-11";"1";NULL;NULL;NULL;NULL
"WOS2110-0008";"3";NULL;"2021-10-13";"2021-10-12";"1";NULL;NULL;NULL;NULL
"WOS2110-0009";"3";NULL;"2021-10-14";"2021-10-13";"1";NULL;NULL;NULL;NULL
"WOS2110-0010";"3";NULL;"2021-10-15";"2021-10-14";"1";NULL;NULL;NULL;NULL
"WOS2110-0011";"3";NULL;"2021-10-16";"2021-10-16";"1";NULL;NULL;NULL;NULL
"WOS2110-0012";"3";NULL;"2021-10-18";"2021-10-18";"1";NULL;NULL;NULL;NULL
"WOS2110-0013";"3";NULL;"2021-10-19";"2021-10-18";"1";NULL;NULL;NULL;NULL
"WOS2110-0014";"3";NULL;"2021-10-21";"2021-10-21";"1";NULL;NULL;NULL;NULL
"WOS2110-0015";"3";NULL;"2021-10-22";"2021-10-21";"1";NULL;NULL;NULL;NULL
"WOS2110-0016";"3";NULL;"2021-10-23";"2021-10-22";"1";NULL;NULL;NULL;NULL
"WOS2110-0017";"3";NULL;"2021-10-25";"2021-10-23";"1";NULL;NULL;NULL;NULL
"WOS2110-0018";"3";NULL;"2021-10-26";"2021-10-25";"1";NULL;NULL;NULL;NULL
"WOS2110-0019";"3";NULL;"2021-10-27";"2021-10-27";"1";NULL;NULL;NULL;NULL
"WOS2110-0020";"3";NULL;"2021-10-28";"2021-10-28";"1";NULL;NULL;NULL;NULL
"WOS2110-0021";"3";NULL;"2021-10-29";"2021-10-29";"1";"2021-10-29 08:48:54";"3";"2021-10-29 08:48:54";"3"
"WOS2110-0022";"3";NULL;"2021-10-30";"2021-10-29";"1";"2021-10-29 14:55:03";"3";"2021-10-29 14:55:03";"3"
"WOS2111-0001";"3";NULL;"2021-11-01";"2021-11-01";"1";"2021-11-01 08:15:43";"3";"2021-11-01 08:15:43";"3"
"WOS2111-0002";"3";NULL;"2021-11-02";"2021-11-01";"1";"2021-11-01 15:33:59";"3";"2021-11-01 15:33:59";"3"
"WOS2111-0003";"3";NULL;"2021-11-03";"2021-11-03";"1";"2021-11-03 08:28:22";"3";"2021-11-03 08:28:22";"3"
"WOS2111-0004";"3";NULL;"2021-11-04";"2021-11-03";"1";"2021-11-03 14:29:05";"3";"2021-11-03 14:29:05";"3"
"WOS2111-0005";"3";NULL;"2021-11-05";"2021-11-04";"1";"2021-11-04 15:22:17";"3";"2021-11-04 15:22:17";"3"
"WOS2111-0006";"3";NULL;"2021-11-06";"2021-11-06";"1";"2021-11-06 08:39:06";"3";"2021-11-06 08:39:06";"3"
"WOS2111-0007";"3";NULL;"2021-11-08";"2021-11-06";"1";"2021-11-06 10:19:45";"3";"2021-11-06 10:19:45";"3"
"WOS2111-0008";"3";NULL;"2021-11-09";"2021-11-08";"1";"2021-11-08 15:35:49";"3";"2021-11-08 15:35:49";"3"
"WOS2111-0009";"3";NULL;"2021-11-10";"2021-11-10";"1";"2021-11-10 08:14:52";"3";"2021-11-10 08:14:52";"3"
"WOS2111-0010";"3";NULL;"2021-11-11";"2021-11-10";"1";"2021-11-10 14:47:49";"3";"2021-11-10 14:47:49";"3"
"WOS2111-0011";"3";NULL;"2021-11-11";"2021-11-10";"1";"2021-11-10 14:49:02";"3";"2021-11-10 14:49:02";"3"
"WOS2111-0012";"3";NULL;"2021-11-12";"2021-11-11";"2";"2021-11-11 14:49:04";"3";"2021-11-12 08:29:06";"3"
"WOS2111-0013";"3";NULL;"2021-11-13";"2021-11-12";"1";"2021-11-12 14:23:53";"3";"2021-11-12 14:23:53";"3"
"WOS2111-0014";"3";NULL;"2021-11-18";"2021-11-18";"1";"2021-11-18 08:38:44";"3";"2021-11-18 08:38:44";"3"
"WOS2111-0015";"3";NULL;"2021-11-19";"2021-11-19";"1";"2021-11-19 08:41:51";"3";"2021-11-19 08:41:51";"3"
"WOS2111-0016";"3";NULL;"2021-11-20";"2021-11-20";"1";"2021-11-20 08:31:14";"3";"2021-11-20 08:31:14";"3"
"WOS2111-0017";"3";NULL;"2021-11-22";"2021-11-20";"1";"2021-11-20 13:40:42";"3";"2021-11-20 13:40:42";"3"
"WOS2111-0018";"3";NULL;"2021-11-23";"2021-11-23";"1";"2021-11-23 08:57:35";"3";"2021-11-23 08:57:35";"3"
"WOS2111-0019";"3";NULL;"2021-11-23";"2021-11-23";"1";"2021-11-23 08:57:39";"3";"2021-11-23 08:57:39";"3"
"WOS2111-0020";"3";NULL;"2021-11-23";"2021-11-23";"1";"2021-11-23 08:57:45";"3";"2021-11-23 08:57:45";"3"
"WOS2111-0021";"3";NULL;"2021-11-23";"2021-11-23";"1";"2021-11-23 09:00:45";"3";"2021-11-23 09:00:45";"3"
"WOS2111-0022";"3";NULL;"2021-11-23";"2021-11-23";"1";"2021-11-23 09:01:56";"3";"2021-11-23 09:01:56";"3"
"WOS2111-0023";"3";NULL;"2021-11-23";"2021-11-23";"1";"2021-11-23 09:06:20";"3";"2021-11-23 09:06:20";"3"
"WOS2111-0024";"3";"a";"2021-11-23";"2021-11-23";"1";"2021-11-23 09:06:28";"3";"2021-11-23 09:06:28";"3"
"WOS2111-0025";"3";NULL;"2021-11-23";"2021-11-23";"1";"2021-11-23 09:13:42";"3";"2021-11-23 09:13:42";"3"
"WOS2111-0026";"3";NULL;"2021-11-23";"2021-11-23";"1";"2021-11-23 13:48:35";"3";"2021-11-23 13:48:35";"3"
"WOS2111-0027";"3";NULL;"2021-11-23";"2021-11-23";"1";"2021-11-23 13:48:58";"3";"2021-11-23 13:48:58";"3"
"WOS2111-0028";"3";NULL;"2021-11-22";"2021-11-23";"1";"2021-11-23 13:49:05";"3";"2021-11-23 13:49:05";"3"
"WOS2111-0029";"3";NULL;"2021-11-24";"2021-11-23";"1";"2021-11-23 13:49:10";"3";"2021-11-23 13:49:10";"3"
"WOS2111-0030";"3";NULL;"2021-11-24";"2021-11-23";"1";"2021-11-23 13:52:35";"3";"2021-11-23 13:52:35";"3"
"WOS2111-0031";"3";NULL;"2021-11-24";"2021-11-23";"1";"2021-11-23 14:03:56";"3";"2021-11-23 14:03:56";"3"
"WOS2111-0032";"3";NULL;"2021-11-23";"2021-11-24";"1";"2021-11-24 08:04:28";"3";"2021-11-24 08:04:28";"3"
"WOS2111-0033";"3";NULL;"2021-11-24";"2021-11-24";"1";"2021-11-24 08:12:59";"3";"2021-11-24 08:12:59";"3"
"WOS2111-0034";"3";NULL;"2021-11-25";"2021-11-24";"1";"2021-11-24 15:19:34";"3";"2021-11-24 15:19:34";"3"
"WOS2111-0035";"3";NULL;"2021-11-26";"2021-11-25";"1";"2021-11-25 15:53:35";"3";"2021-11-25 15:53:35";"3"
"WOS2111-0036";"3";NULL;"2021-11-27";"2021-11-26";"1";"2021-11-26 14:58:26";"3";"2021-11-26 14:58:26";"3"
"WOS2111-0037";"3";NULL;"2021-11-29";"2021-11-27";"1";"2021-11-27 14:11:00";"3";"2021-11-27 14:11:00";"3"
"WOS2111-0038";"3";NULL;"2021-11-30";"2021-11-29";"1";"2021-11-29 14:36:09";"3";"2021-11-29 14:37:58";"3"
"WOS2111-0039";"3";NULL;"2021-12-01";"2021-11-30";"1";"2021-11-30 15:32:13";"3";"2021-11-30 15:32:13";"3"
"WOS2112-0001";"3";NULL;"2021-12-02";"2021-12-01";"1";"2021-12-01 14:53:19";"3";"2021-12-01 14:53:19";"3"
"WOS2112-0002";"3";NULL;"2021-12-03";"2021-12-02";"1";"2021-12-02 14:41:07";"3";"2021-12-02 14:41:54";"3"
"WOS2112-0003";"3";NULL;"2021-12-04";"2021-12-03";"1";"2021-12-03 14:18:54";"3";"2021-12-03 14:20:16";"3"
"WOS2112-0004";"3";NULL;"2021-12-06";"2021-12-04";"1";"2021-12-04 14:52:48";"3";"2021-12-04 14:52:48";"3"
"WOS2112-0005";"3";NULL;"2021-12-07";"2021-12-06";"1";"2021-12-06 15:34:20";"3";"2021-12-06 15:34:20";"3"
"WOS2112-0006";"3";NULL;"2021-12-08";"2021-12-07";"1";"2021-12-07 14:27:17";"3";"2021-12-07 14:27:17";"3"
"WOS2112-0007";"3";NULL;"2021-12-09";"2021-12-08";"1";"2021-12-08 14:39:49";"3";"2021-12-08 14:39:49";"3"
"WOS2112-0008";"3";NULL;"2021-12-10";"2021-12-09";"1";"2021-12-09 14:04:35";"3";"2021-12-09 14:04:35";"3"
"WOS2112-0009";"3";NULL;"2021-12-11";"2021-12-10";"1";"2021-12-10 15:31:44";"3";"2021-12-10 15:31:44";"3"
"WOS2112-0010";"3";NULL;"2021-12-13";"2021-12-13";"1";"2021-12-13 08:29:27";"3";"2021-12-13 08:31:43";"3"
"WOS2112-0011";"3";NULL;"2021-12-14";"2021-12-13";"1";"2021-12-13 14:43:30";"3";"2021-12-13 14:43:30";"3"
"WOS2112-0012";"3";NULL;"2021-12-15";"2021-12-14";"1";"2021-12-14 15:49:23";"3";"2021-12-14 15:49:23";"3"
"WOS2112-0013";"3";NULL;"2021-12-16";"2021-12-15";"1";"2021-12-15 15:40:55";"3";"2021-12-15 15:40:55";"3"
"WOS2112-0014";"3";NULL;"2021-12-17";"2021-12-16";"1";"2021-12-16 13:58:37";"3";"2021-12-16 13:58:37";"3"
"WOS2112-0015";"3";NULL;"2021-12-18";"2021-12-18";"1";"2021-12-18 08:37:42";"3";"2021-12-18 08:37:42";"3"
"WOS2112-0016";"3";NULL;"2021-12-20";"2021-12-20";"1";"2021-12-20 08:26:09";"3";"2021-12-20 08:26:09";"3"
"WOS2112-0017";"3";NULL;"2021-12-21";"2021-12-20";"1";"2021-12-20 15:44:59";"3";"2021-12-20 15:44:59";"3"
"WOS2112-0018";"3";NULL;"2021-12-22";"2021-12-21";"1";"2021-12-21 15:59:58";"3";"2021-12-21 15:59:58";"3"
"WOS2112-0019";"3";NULL;"2021-12-23";"2021-12-22";"1";"2021-12-22 15:57:36";"3";"2021-12-22 15:57:36";"3"
"WOS2112-0020";"3";NULL;"2021-12-24";"2021-12-23";"1";"2021-12-23 15:04:06";"3";"2021-12-23 15:05:49";"3"
"WOS2112-0021";"3";NULL;"2021-12-26";"2021-12-24";"1";"2021-12-24 13:30:52";"3";"2021-12-24 13:30:52";"3"
"WOS2112-0022";"3";NULL;"2021-12-27";"2021-12-24";"1";"2021-12-24 13:31:53";"3";"2021-12-24 13:31:53";"3"
"WOS2112-0023";"3";NULL;"2021-12-28";"2021-12-27";"1";"2021-12-27 15:17:51";"3";"2021-12-27 15:19:00";"3"
"WOS2112-0024";"3";NULL;"2021-12-29";"2021-12-28";"1";"2021-12-28 14:48:03";"3";"2021-12-28 14:48:03";"3"
"WOS2112-0025";"3";NULL;"2021-12-30";"2021-12-29";"1";"2021-12-29 15:18:20";"3";"2021-12-29 15:18:20";"3"
"WOS2201-0001";"3";NULL;"2022-01-03";"2022-01-03";"1";"2022-01-03 13:54:52";"3";"2022-01-03 13:54:52";"3"
"WOS2201-0002";"3";NULL;"2022-01-04";"2022-01-04";"1";"2022-01-04 08:02:27";"3";"2022-01-04 08:02:27";"3"
"WOS2201-0003";"3";NULL;"2022-01-05";"2022-01-05";"1";"2022-01-05 07:32:55";"3";"2022-01-05 07:32:55";"3"
"WOS2201-0004";"3";NULL;"2022-01-06";"2022-01-06";"1";"2022-01-06 15:04:47";"3";"2022-01-06 15:04:47";"3"
"WOS2201-0005";"3";NULL;"2022-01-07";"2022-01-06";"1";"2022-01-06 15:23:32";"3";"2022-01-06 15:23:32";"3"
"WOS2201-0006";"3";NULL;"2022-01-10";"2022-01-10";"1";"2022-01-10 09:07:05";"3";"2022-01-10 09:07:05";"3"
"WOS2201-0007";"3";NULL;"2022-01-11";"2022-01-11";"1";"2022-01-11 07:46:52";"3";"2022-01-11 07:46:52";"3"
"WOS2201-0008";"3";NULL;"2022-01-12";"2022-01-11";"1";"2022-01-11 13:23:02";"3";"2022-01-11 13:23:02";"3"
"WOS2201-0009";"3";NULL;"2022-01-13";"2022-01-12";"1";"2022-01-12 13:38:40";"3";"2022-01-12 13:38:40";"3"
"WOS2201-0010";"3";NULL;"2022-01-14";"2022-01-13";"1";"2022-01-13 13:58:51";"3";"2022-01-13 13:58:51";"3"
"WOS2201-0011";"3";NULL;"2022-01-15";"2022-01-14";"1";"2022-01-14 14:19:59";"3";"2022-01-14 14:19:59";"3"
"WOS2201-0012";"3";NULL;"2022-01-17";"2022-01-15";"1";"2022-01-15 14:52:19";"3";"2022-01-15 14:52:19";"3"
"WOS2201-0013";"3";NULL;"2022-01-18";"2022-01-17";"1";"2022-01-17 13:44:28";"3";"2022-01-17 13:44:28";"3"
"WOS2201-0014";"3";NULL;"2022-01-19";"2022-01-18";"1";"2022-01-18 13:34:42";"3";"2022-01-18 13:34:42";"3"
"WOS2201-0015";"3";NULL;"2022-01-20";"2022-01-19";"1";"2022-01-19 16:05:41";"3";"2022-01-19 16:06:58";"3"
"WOS2201-0016";"3";NULL;"2022-01-21";"2022-01-20";"1";"2022-01-20 14:57:11";"3";"2022-01-20 14:57:11";"3"
"WOS2201-0017";"3";NULL;"2022-01-22";"2022-01-22";"1";"2022-01-22 08:59:20";"3";"2022-01-22 08:59:47";"3"
"WOS2201-0018";"3";NULL;"2022-01-22";"2022-01-22";"1";"2022-01-22 08:59:20";"3";"2022-01-22 08:59:20";"3"
"WOS2201-0019";"3";NULL;"2022-01-24";"2022-01-22";"1";"2022-01-22 11:15:01";"3";"2022-01-22 11:15:01";"3"
"WOS2201-0020";"3";NULL;"2022-01-25";"2022-01-25";"1";"2022-01-25 09:02:27";"3";"2022-01-25 09:02:27";"3"
"WOS2201-0021";"3";NULL;"2022-01-26";"2022-01-25";"1";"2022-01-25 11:21:00";"3";"2022-01-25 11:21:00";"3"
"WOS2201-0022";"3";NULL;"2022-01-27";"2022-01-26";"1";"2022-01-26 11:47:51";"3";"2022-01-26 11:47:51";"3"
"WOS2201-0023";"3";NULL;"2022-01-28";"2022-01-27";"1";"2022-01-27 13:53:14";"3";"2022-01-27 13:53:14";"3"
"WOS2201-0024";"3";NULL;"2022-01-29";"2022-01-29";"1";"2022-01-29 09:01:12";"3";"2022-01-29 09:01:12";"3"
"WOS2201-0025";"3";NULL;"2022-01-31";"2022-01-29";"1";"2022-01-29 11:05:54";"3";"2022-01-29 11:05:54";"3"
"WOS2201-0026";"3";NULL;"2022-02-02";"2022-01-31";"1";"2022-01-31 10:57:53";"3";"2022-01-31 10:57:53";"3"
"WOS2202-0001";"3";NULL;"2022-02-03";"2022-02-03";"1";"2022-02-03 10:21:23";"3";"2022-02-03 10:21:23";"3"
"WOS2202-0002";"3";NULL;"2022-02-04";"2022-02-03";"1";"2022-02-03 13:03:25";"3";"2022-02-03 13:03:25";"3"
"WOS2202-0003";"3";NULL;"2022-02-05";"2022-02-04";"1";"2022-02-04 13:19:26";"3";"2022-02-04 13:19:26";"3"
"WOS2202-0004";"3";NULL;"2022-02-07";"2022-02-07";"1";"2022-02-07 09:02:59";"3";"2022-02-07 09:02:59";"3"
"WOS2202-0005";"3";NULL;"2022-02-08";"2022-02-07";"1";"2022-02-07 10:46:10";"3";"2022-02-07 10:46:10";"3"
"WOS2202-0006";"3";NULL;"2022-02-09";"2022-02-08";"1";"2022-02-08 11:12:09";"3";"2022-02-08 11:12:09";"3"
"WOS2202-0007";"3";NULL;"2022-02-10";"2022-02-09";"1";"2022-02-09 11:19:52";"3";"2022-02-09 11:19:52";"3"
"WOS2202-0008";"3";NULL;"2022-02-11";"2022-02-10";"1";"2022-02-10 10:23:58";"3";"2022-02-10 10:23:58";"3"
"WOS2202-0009";"3";NULL;"2022-02-12";"2022-02-11";"1";"2022-02-11 10:57:24";"3";"2022-02-11 10:57:24";"3"
"WOS2202-0010";"3";NULL;"2022-02-14";"2022-02-12";"1";"2022-02-12 10:40:47";"3";"2022-02-12 10:40:47";"3"
"WOS2202-0011";"3";NULL;"2022-02-15";"2022-02-14";"1";"2022-02-14 10:19:04";"3";"2022-02-14 10:19:04";"3"
"WOS2202-0012";"3";NULL;"2022-02-16";"2022-02-15";"1";"2022-02-15 15:05:08";"3";"2022-02-15 15:05:08";"3"
"WOS2202-0013";"3";NULL;"2022-02-17";"2022-02-16";"1";"2022-02-16 11:37:56";"3";"2022-02-16 11:37:56";"3"
"WOS2202-0014";"3";NULL;"2022-02-18";"2022-02-17";"1";"2022-02-17 13:40:26";"3";"2022-02-17 13:40:26";"3"
"WOS2202-0015";"3";NULL;"2022-02-19";"2022-02-19";"1";"2022-02-19 08:45:08";"3";"2022-02-19 08:45:08";"3"
"WOS2202-0016";"3";NULL;"2022-02-21";"2022-02-19";"1";"2022-02-19 10:12:07";"3";"2022-02-19 10:12:07";"3"
"WOS2202-0017";"3";NULL;"2022-02-22";"2022-02-21";"1";"2022-02-21 11:10:04";"3";"2022-02-21 11:10:04";"3"
"WOS2202-0018";"3";NULL;"2022-02-23";"2022-02-22";"1";"2022-02-22 16:18:07";"3";"2022-02-22 16:18:07";"3"
"WOS2202-0019";"3";NULL;"2022-02-24";"2022-02-24";"1";"2022-02-24 08:19:16";"3";"2022-02-24 08:19:16";"3"
"WOS2202-0020";"3";NULL;"2022-02-25";"2022-02-24";"1";"2022-02-24 10:28:13";"3";"2022-02-24 10:28:13";"3"
"WOS2202-0021";"3";NULL;"2022-02-26";"2022-02-25";"1";"2022-02-25 09:31:12";"3";"2022-02-25 09:31:44";"3"
"WOS2202-0022";"3";NULL;"2022-03-01";"2022-02-26";"1";"2022-02-26 09:51:09";"3";"2022-02-26 09:51:09";"3"
"WOS2203-0001";"3";NULL;"2022-03-02";"2022-03-01";"1";"2022-03-01 10:45:25";"3";"2022-03-01 10:45:25";"3"
"WOS2203-0002";"3";NULL;"2022-03-04";"2022-03-02";"1";"2022-03-02 09:57:06";"3";"2022-03-02 09:57:06";"3"
"WOS2203-0003";"3";NULL;"2022-03-05";"2022-03-04";"1";"2022-03-04 10:14:50";"3";"2022-03-04 10:14:50";"3"
"WOS2203-0004";"3";NULL;"2022-03-07";"2022-03-05";"1";"2022-03-05 10:29:49";"3";"2022-03-05 10:29:49";"3"
"WOS2203-0005";"3";NULL;"2022-03-08";"2022-03-07";"1";"2022-03-07 10:37:31";"3";"2022-03-07 10:37:31";"3"
"WOS2203-0006";"3";NULL;"2022-03-09";"2022-03-08";"1";"2022-03-08 10:10:38";"3";"2022-03-08 10:10:38";"3"
"WOS2203-0007";"3";NULL;"2022-03-10";"2022-03-09";"1";"2022-03-09 09:50:13";"3";"2022-03-09 09:50:13";"3"
"WOS2203-0008";"3";NULL;"2022-03-11";"2022-03-11";"1";"2022-03-11 08:10:50";"3";"2022-03-11 08:10:50";"3"
"WOS2203-0009";"3";NULL;"2022-03-12";"2022-03-11";"1";"2022-03-11 13:23:36";"3";"2022-03-11 13:23:36";"3"
"WOS2203-0010";"3";NULL;"2022-03-14";"2022-03-12";"1";"2022-03-12 10:06:31";"3";"2022-03-12 10:06:31";"3"
"WOS2203-0011";"3";NULL;"2022-03-15";"2022-03-14";"1";"2022-03-14 11:19:32";"3";"2022-03-14 11:19:32";"3"
"WOS2203-0012";"3";NULL;"2022-03-16";"2022-03-16";"1";"2022-03-16 08:22:12";"3";"2022-03-16 08:22:12";"3"
"WOS2203-0013";"3";NULL;"2022-03-17";"2022-03-16";"1";"2022-03-16 10:46:05";"3";"2022-03-16 10:46:05";"3"
"WOS2203-0014";"3";NULL;"2022-03-18";"2022-03-17";"1";"2022-03-17 10:46:01";"3";"2022-03-17 10:46:01";"3"
"WOS2203-0015";"3";NULL;"2022-03-19";"2022-03-18";"1";"2022-03-18 11:17:08";"3";"2022-03-18 11:17:08";"3"
"WOS2203-0016";"3";NULL;"2022-03-21";"2022-03-19";"1";"2022-03-19 10:09:45";"3";"2022-03-19 10:10:07";"3"
"WOS2203-0017";"3";NULL;"2022-03-22";"2022-03-21";"1";"2022-03-21 13:18:01";"3";"2022-03-21 13:18:01";"3"
"WOS2203-0018";"3";NULL;"2022-03-23";"2022-03-22";"1";"2022-03-22 10:42:13";"3";"2022-03-22 10:42:13";"3"
"WOS2203-0019";"3";NULL;"2022-03-24";"2022-03-23";"1";"2022-03-23 10:06:58";"3";"2022-03-23 10:06:58";"3"
"WOS2203-0020";"3";NULL;"2022-03-25";"2022-03-24";"1";"2022-03-24 10:54:25";"3";"2022-03-24 10:54:25";"3"
"WOS2203-0021";"3";NULL;"2022-03-26";"2022-03-25";"1";"2022-03-25 10:32:13";"3";"2022-03-25 10:32:13";"3"
"WOS2203-0022";"3";NULL;"2022-03-28";"2022-03-26";"1";"2022-03-26 10:28:58";"3";"2022-03-26 10:28:58";"3"
"WOS2203-0023";"3";NULL;"2022-03-29";"2022-03-28";"1";"2022-03-28 10:38:56";"3";"2022-03-28 10:38:56";"3"
"WOS2203-0024";"3";NULL;"2022-03-30";"2022-03-29";"1";"2022-03-29 13:35:56";"3";"2022-03-29 13:35:56";"3"
"WOS2203-0025";"3";NULL;"2022-03-31";"2022-03-31";"1";"2022-03-31 08:35:10";"3";"2022-03-31 08:35:10";"3"
"WOS2203-0026";"3";NULL;"2022-04-01";"2022-03-31";"1";"2022-03-31 10:42:33";"3";"2022-03-31 10:42:33";"3"
"WOS2204-0001";"3";NULL;"2022-04-02";"2022-04-01";"1";"2022-04-01 13:13:17";"3";"2022-04-01 13:13:17";"3"
"WOS2204-0002";"3";NULL;"2022-04-04";"2022-04-02";"1";"2022-04-02 13:40:53";"3";"2022-04-02 13:40:53";"3"
"WOS2204-0003";"3";NULL;"2022-04-05";"2022-04-05";"1";"2022-04-05 07:36:07";"3";"2022-04-05 07:36:07";"3"
"WOS2204-0004";"3";NULL;"2022-04-06";"2022-04-05";"1";"2022-04-05 10:18:34";"3";"2022-04-05 10:18:34";"3"
"WOS2204-0005";"3";NULL;"2022-04-08";"2022-04-07";"1";"2022-04-07 15:16:35";"3";"2022-04-08 14:50:07";"3"
"WOS2204-0006";"3";NULL;"2022-04-09";"2022-04-08";"1";"2022-04-08 14:48:59";"3";"2022-04-09 11:28:38";"3"
"WOS2204-0007";"3";NULL;"2022-04-09";"2022-04-08";"1";"2022-04-08 14:49:21";"3";"2022-04-08 14:49:21";"3"
"WOS2204-0008";"3";NULL;"2022-04-11";"2022-04-09";"1";"2022-04-09 11:31:07";"3";"2022-04-09 11:31:07";"3"
"WOS2204-0009";"3";NULL;"2022-04-12";"2022-04-11";"1";"2022-04-11 13:47:19";"3";"2022-04-11 13:50:50";"3"
"WOS2204-0010";"3";NULL;"2022-04-13";"2022-04-12";"1";"2022-04-12 09:17:47";"3";"2022-04-13 10:16:44";"3"
"WOS2204-0011";"3";NULL;"2022-04-14";"2022-04-13";"1";"2022-04-13 10:18:50";"3";"2022-04-13 10:18:50";"3"
"WOS2204-0012";"3";NULL;"2022-04-16";"2022-04-14";"1";"2022-04-14 09:53:08";"3";"2022-04-14 09:53:08";"3"
"WOS2204-0013";"3";NULL;"2022-04-18";"2022-04-16";"1";"2022-04-16 12:45:50";"3";"2022-04-18 10:19:23";"3"
"WOS2204-0014";"3";NULL;"2022-04-19";"2022-04-18";"1";"2022-04-18 10:22:37";"3";"2022-04-18 14:36:14";"3"
"WOS2204-0015";"3";NULL;"2022-04-20";"2022-04-19";"1";"2022-04-19 14:15:07";"3";"2022-04-19 14:15:07";"3"
"WOS2204-0016";"3";NULL;"2022-04-21";"2022-04-20";"1";"2022-04-20 14:31:56";"3";"2022-04-20 14:31:56";"3"
"WOS2204-0017";"3";NULL;"2022-04-22";"2022-04-21";"1";"2022-04-21 14:25:01";"3";"2022-04-21 14:25:01";"3"
"WOS2204-0018";"3";NULL;"2022-04-23";"2022-04-22";"1";"2022-04-22 14:26:17";"3";"2022-04-22 14:27:24";"3"
"WOS2204-0019";"3";NULL;"2022-04-25";"2022-04-23";"1";"2022-04-23 10:58:11";"3";"2022-04-23 10:58:11";"3"
"WOS2204-0020";"3";NULL;"2022-04-26";"2022-04-25";"1";"2022-04-25 10:12:30";"3";"2022-04-25 10:12:30";"3"
"WOS2204-0021";"3";NULL;"2022-04-27";"2022-04-26";"1";"2022-04-26 10:02:16";"3";"2022-04-26 10:02:16";"3"
"WOS2204-0022";"3";NULL;"2022-04-28";"2022-04-27";"1";"2022-04-27 09:22:26";"3";"2022-04-27 14:25:45";"3"
"WOS2204-0023";"3";NULL;"2022-04-29";"2022-04-28";"1";"2022-04-28 09:37:51";"3";"2022-04-28 09:37:51";"3"
"WOS2204-0024";"3";NULL;"2022-05-05";"2022-04-29";"1";"2022-04-29 09:24:39";"3";"2022-05-05 09:00:45";"3"
"WOS2204-0025";"3";NULL;"2022-05-05";"2022-04-29";"1";"2022-04-29 09:26:34";"3";"2022-04-29 09:26:34";"3"
"WOS2205-0001";"3";NULL;"2022-05-06";"2022-05-10";"1";"2022-05-10 10:51:29";"3";"2022-05-10 10:51:29";"3"
"WOS2205-0002";"3";NULL;"2022-05-09";"2022-05-10";"1";"2022-05-10 10:54:07";"3";"2022-05-11 13:27:56";"3"
"WOS2205-0003";"3";NULL;"2022-05-10";"2022-05-10";"1";"2022-05-10 11:01:39";"3";"2022-05-10 11:02:03";"3"
"WOS2205-0004";"3";NULL;"2022-05-11";"2022-05-11";"1";"2022-05-11 13:47:30";"3";"2022-05-11 13:56:11";"3"
"WOS2205-0005";"3";NULL;"2022-05-12";"2022-05-11";"1";"2022-05-11 14:07:02";"3";"2022-05-11 14:13:01";"3"
"WOS2205-0006";"3";NULL;"2022-05-13";"2022-05-12";"1";"2022-05-12 13:53:46";"3";"2022-05-12 13:53:46";"3"
"WOS2205-0007";"3";NULL;"2022-05-14";"2022-05-13";"1";"2022-05-13 13:52:28";"3";"2022-05-13 14:17:40";"3"
"WOS2205-0008";"3";NULL;"2022-05-14";"2022-05-13";"1";"2022-05-13 13:52:34";"3";"2022-05-13 13:52:34";"3"
"WOS2205-0009";"3";NULL;"2022-05-17";"2022-05-14";"1";"2022-05-14 13:23:36";"3";"2022-05-17 14:55:02";"3"
"WOS2205-0010";"3";NULL;"2022-05-18";"2022-05-17";"1";"2022-05-17 14:58:06";"3";"2022-05-17 15:04:39";"3"
"WOS2205-0011";"3";NULL;"2022-05-19";"2022-05-18";"1";"2022-05-18 16:13:25";"3";"2022-05-18 16:13:25";"3"
"WOS2205-0012";"3";NULL;"2022-05-20";"2022-05-19";"1";"2022-05-19 16:02:35";"3";"2022-05-19 16:13:16";"3"
"WOS2205-0013";"3";NULL;"2022-05-21";"2022-05-20";"1";"2022-05-20 14:39:54";"3";"2022-05-20 14:43:03";"3"
"WOS2205-0014";"3";NULL;"2022-05-23";"2022-05-21";"1";"2022-05-21 13:35:03";"3";"2022-05-24 10:35:05";"3"
"WOS2205-0017";"3";NULL;"2022-05-24";"2022-05-23";"1";"2022-05-23 14:49:26";"3";"2022-05-23 14:54:05";"3"
"WOS2205-0018";"3";NULL;"2022-05-25";"2022-05-24";"1";"2022-05-24 13:53:43";"3";"2022-05-24 13:56:29";"3"
"WOS2205-0019";"3";NULL;"2022-05-27";"2022-05-25";"1";"2022-05-25 11:50:48";"3";"2022-05-25 11:50:48";"3"
"WOS2205-0020";"3";NULL;"2022-05-28";"2022-05-27";"1";"2022-05-27 13:28:58";"3";"2022-05-27 13:33:00";"3"
"WOS2205-0021";"3";NULL;"2022-05-30";"2022-05-28";"1";"2022-05-28 11:38:22";"3";"2022-05-28 13:01:54";"3"
"WOS2205-0022";"3";NULL;"2022-05-31";"2022-05-30";"1";"2022-05-30 14:31:17";"3";"2022-05-30 14:39:13";"3"
"WOS2205-0023";"3";NULL;"2022-06-02";"2022-05-31";"1";"2022-05-31 13:07:50";"3";"2022-05-31 14:46:57";"3"
"WOS2206-0004";"3";NULL;"2022-06-03";"2022-06-02";"1";"2022-06-02 14:17:47";"3";"2022-06-02 14:17:47";"3"
"WOS2206-0005";"3";NULL;"2022-06-03";"2022-06-02";"1";"2022-06-02 14:22:15";"3";"2022-06-02 14:26:59";"3"
"WOS2206-0006";"3";NULL;"2022-06-04";"2022-06-03";"1";"2022-06-03 14:26:35";"3";"2022-06-03 14:27:17";"3"
"WOS2206-0007";"3";NULL;"2022-06-06";"2022-06-04";"1";"2022-06-04 13:31:57";"3";"2022-06-04 13:32:29";"3"
"WOS2206-0008";"3";NULL;"2022-06-07";"2022-06-06";"1";"2022-06-06 14:01:13";"3";"2022-06-06 14:01:13";"3"
"WOS2206-0009";"3";NULL;"2022-06-08";"2022-06-07";"1";"2022-06-07 15:41:13";"3";"2022-06-07 15:41:13";"3"
"WOS2206-0010";"3";NULL;"2022-06-09";"2022-06-08";"1";"2022-06-08 13:57:56";"3";"2022-06-08 14:04:40";"3"
"WOS2206-0011";"3";NULL;"2022-06-10";"2022-06-09";"1";"2022-06-09 15:25:36";"3";"2022-06-09 15:27:10";"3"
"WOS2206-0012";"3";NULL;"2022-06-11";"2022-06-10";"1";"2022-06-10 15:14:26";"3";"2022-06-10 15:17:40";"3"
"WOS2206-0013";"3";NULL;"2022-06-13";"2022-06-11";"1";"2022-06-11 13:47:50";"3";"2022-06-11 13:47:50";"3"
"WOS2206-0014";"3";NULL;"2022-06-14";"2022-06-13";"1";"2022-06-13 13:45:52";"3";"2022-06-13 13:45:52";"3"
"WOS2206-0015";"3";NULL;"2022-06-15";"2022-06-14";"1";"2022-06-14 13:57:50";"3";"2022-06-14 13:57:50";"3"
"WOS2206-0016";"3";NULL;"2022-06-16";"2022-06-15";"1";"2022-06-15 14:31:31";"3";"2022-06-15 14:32:15";"3"
"WOS2206-0017";"3";NULL;"2022-06-17";"2022-06-16";"1";"2022-06-16 14:48:11";"3";"2022-06-16 14:49:38";"3"
"WOS2206-0018";"3";NULL;"2022-06-18";"2022-06-17";"1";"2022-06-17 15:43:15";"3";"2022-06-17 15:43:15";"3"
"WOS2206-0019";"3";NULL;"2022-06-20";"2022-06-18";"1";"2022-06-18 13:02:20";"3";"2022-06-18 13:03:48";"3"
"WOS2206-0020";"3";NULL;"2022-06-21";"2022-06-20";"1";"2022-06-20 13:48:41";"3";"2022-06-20 13:48:41";"3"
"WOS2206-0021";"3";NULL;"2022-06-22";"2022-06-21";"1";"2022-06-21 13:50:45";"3";"2022-06-21 13:52:05";"3"
"WOS2206-0022";"3";NULL;"2022-06-23";"2022-06-22";"1";"2022-06-22 14:09:27";"3";"2022-06-22 14:13:04";"3"
"WOS2206-0023";"3";NULL;"2022-06-23";"2022-06-22";"1";"2022-06-22 14:09:31";"3";"2022-06-22 14:09:31";"3"
"WOS2206-0024";"3";NULL;"2022-06-24";"2022-06-23";"1";"2022-06-23 14:53:30";"3";"2022-06-23 15:03:38";"3"
"WOS2206-0025";"3";NULL;"2022-06-25";"2022-06-24";"1";"2022-06-24 14:11:18";"3";"2022-06-24 14:12:07";"3"
"WOS2206-0026";"3";NULL;"2022-06-27";"2022-06-25";"1";"2022-06-25 13:13:25";"3";"2022-06-25 13:16:47";"3"
"WOS2206-0027";"3";NULL;"2022-06-28";"2022-06-27";"1";"2022-06-27 14:31:36";"3";"2022-06-27 14:31:36";"3"
"WOS2206-0028";"3";NULL;"2022-06-29";"2022-06-29";"1";"2022-06-29 15:09:49";"3";"2022-06-29 15:09:49";"3"
"WOS2206-0029";"3";NULL;"2022-06-30";"2022-06-29";"1";"2022-06-29 15:12:20";"3";"2022-06-29 15:13:21";"3"
"WOS2206-0030";"3";NULL;"2022-07-01";"2022-06-30";"1";"2022-06-30 10:30:54";"3";"2022-06-30 10:30:54";"3"
"WOS2207-0001";"3";NULL;"2022-07-02";"2022-07-02";"1";"2022-07-02 09:46:37";"3";"2022-07-02 09:46:37";"3"
"WOS2207-0002";"3";NULL;"2022-07-04";"2022-07-04";"1";"2022-07-04 10:32:46";"3";"2022-07-04 10:32:46";"3"
"WOS2207-0003";"3";NULL;"2022-07-05";"2022-07-05";"1";"2022-07-05 10:34:02";"3";"2022-07-05 10:34:02";"3"
"WOS2207-0004";"3";NULL;"2022-07-06";"2022-07-05";"1";"2022-07-05 14:32:53";"3";"2022-07-05 14:32:53";"3"
"WOS2207-0005";"3";NULL;"2022-07-07";"2022-07-06";"1";"2022-07-06 09:53:23";"3";"2022-07-06 09:53:23";"3"
"WOS2207-0006";"3";NULL;"2022-07-07";"2022-07-06";"1";"2022-07-06 09:56:29";"3";"2022-07-07 09:48:13";"3"
"WOS2207-0007";"3";NULL;"2022-07-08";"2022-07-07";"1";"2022-07-07 09:47:34";"3";"2022-07-07 09:47:34";"3"
"WOS2207-0008";"3";NULL;"2022-07-11";"2022-07-08";"1";"2022-07-08 09:51:28";"3";"2022-07-08 09:51:28";"3"
"WOS2207-0009";"3";NULL;"2022-07-12";"2022-07-11";"1";"2022-07-11 09:33:22";"3";"2022-07-11 09:33:22";"3"
"WOS2207-0010";"3";NULL;"2022-07-13";"2022-07-12";"1";"2022-07-12 09:51:52";"3";"2022-07-12 13:34:20";"3"
"WOS2207-0011";"3";NULL;"2022-07-14";"2022-07-13";"1";"2022-07-13 09:52:41";"3";"2022-07-13 09:53:38";"3"
"WOS2207-0012";"3";NULL;"2022-07-15";"2022-07-14";"1";"2022-07-14 10:10:14";"3";"2022-07-14 13:31:04";"3"
"WOS2207-0013";"3";NULL;"2022-07-16";"2022-07-15";"1";"2022-07-15 09:07:15";"3";"2022-07-15 09:07:15";"3"
"WOS2207-0014";"3";NULL;"2022-07-18";"2022-07-16";"1";"2022-07-16 09:17:02";"3";"2022-07-16 09:22:40";"3"
"WOS2207-0015";"3";NULL;"2022-07-19";"2022-07-18";"1";"2022-07-18 09:26:18";"3";"2022-07-18 09:26:18";"3"
"WOS2207-0016";"3";NULL;"2022-07-20";"2022-07-19";"1";"2022-07-19 13:37:02";"3";"2022-07-20 09:13:30";"3"
"WOS2207-0017";"3";NULL;"2022-07-21";"2022-07-20";"1";"2022-07-20 13:39:41";"3";"2022-07-20 13:39:41";"3"
"WOS2207-0018";"3";NULL;"2022-07-22";"2022-07-21";"1";"2022-07-21 13:13:48";"3";"2022-07-21 13:13:48";"3"
"WOS2207-0019";"3";NULL;"2022-07-23";"2022-07-22";"1";"2022-07-22 13:36:16";"3";"2022-07-22 13:36:16";"3"
"WOS2207-0020";"3";NULL;"2022-07-25";"2022-07-23";"1";"2022-07-23 13:47:11";"3";"2022-07-23 13:47:11";"3"
"WOS2207-0021";"3";NULL;"2022-07-26";"2022-07-25";"1";"2022-07-25 13:46:06";"3";"2022-07-25 13:46:06";"3"
"WOS2207-0022";"3";NULL;"2022-07-27";"2022-07-26";"1";"2022-07-26 10:36:21";"3";"2022-07-26 10:36:21";"3"
"WOS2207-0023";"3";NULL;"2022-07-28";"2022-07-28";"1";"2022-07-28 09:24:48";"3";"2022-07-28 09:24:48";"3"
"WOS2207-0024";"3";NULL;"2022-07-29";"2022-07-28";"1";"2022-07-28 09:29:03";"3";"2022-07-28 09:29:03";"3"
"WOS2207-0025";"3";NULL;"2022-08-01";"2022-07-29";"1";"2022-07-29 13:27:49";"3";"2022-07-29 13:27:49";"3"
"WOS2208-0001";"3";NULL;"2022-08-02";"2022-08-01";"1";"2022-08-01 09:20:40";"3";"2022-08-01 09:20:40";"3"
"WOS2208-0002";"3";NULL;"2022-08-03";"2022-08-02";"1";"2022-08-02 14:00:01";"3";"2022-08-02 14:00:01";"3"
"WOS2208-0003";"3";NULL;"2022-08-04";"2022-08-03";"1";"2022-08-03 13:40:41";"3";"2022-08-03 13:40:41";"3"
"WOS2208-0004";"3";NULL;"2022-08-05";"2022-08-04";"1";"2022-08-04 15:22:02";"3";"2022-08-04 15:22:02";"3"
"WOS2208-0005";"3";NULL;"2022-08-06";"2022-08-05";"1";"2022-08-05 13:41:18";"3";"2022-08-05 13:41:18";"3"
"WOS2208-0006";"3";NULL;"2022-08-08";"2022-08-06";"1";"2022-08-06 09:44:50";"3";"2022-08-06 09:44:50";"3"
"WOS2208-0007";"3";NULL;"2022-08-09";"2022-08-08";"1";"2022-08-08 13:39:03";"3";"2022-08-08 13:39:03";"3"
"WOS2208-0008";"3";NULL;"2022-08-10";"2022-08-09";"1";"2022-08-09 09:16:56";"3";"2022-08-09 09:16:56";"3"
"WOS2208-0009";"3";NULL;"2022-08-11";"2022-08-10";"1";"2022-08-10 10:02:46";"3";"2022-08-10 10:02:46";"3"
"WOS2208-0010";"3";NULL;"2022-08-12";"2022-08-11";"1";"2022-08-11 10:46:18";"3";"2022-08-11 14:11:48";"3"
"WOS2208-0011";"3";NULL;"2022-08-13";"2022-08-12";"1";"2022-08-12 14:06:09";"3";"2022-08-12 14:07:16";"3"
"WOS2208-0012";"3";NULL;"2022-08-15";"2022-08-13";"1";"2022-08-13 10:19:50";"3";"2022-08-13 10:19:50";"3"
"WOS2208-0013";"3";NULL;"2022-08-16";"2022-08-15";"1";"2022-08-15 13:59:35";"3";"2022-08-15 14:05:02";"3"
"WOS2208-0014";"3";NULL;"2022-08-18";"2022-08-16";"1";"2022-08-16 13:36:57";"3";"2022-08-16 13:36:57";"3"
"WOS2208-0015";"3";NULL;"2022-08-19";"2022-08-18";"1";"2022-08-18 14:01:57";"3";"2022-08-18 14:01:57";"3"
"WOS2208-0016";"3";NULL;"2022-08-20";"2022-08-19";"1";"2022-08-19 14:10:33";"3";"2022-08-19 14:10:33";"3"
"WOS2208-0017";"3";NULL;"2022-08-22";"2022-08-20";"1";"2022-08-20 13:11:44";"3";"2022-08-20 13:11:44";"3"
"WOS2208-0018";"3";NULL;"2022-08-23";"2022-08-22";"1";"2022-08-22 14:08:40";"3";"2022-08-22 14:08:40";"3"
"WOS2208-0019";"3";NULL;"2022-08-24";"2022-08-23";"1";"2022-08-23 10:06:57";"3";"2022-08-23 10:06:57";"3"
"WOS2208-0020";"3";NULL;"2022-08-24";"2022-08-23";"1";"2022-08-23 10:08:10";"3";"2022-08-23 10:08:10";"3"
"WOS2208-0021";"3";NULL;"2022-08-25";"2022-08-24";"1";"2022-08-24 15:40:44";"3";"2022-08-24 15:40:44";"3"
"WOS2208-0022";"3";NULL;"2022-08-26";"2022-08-25";"1";"2022-08-25 10:37:22";"3";"2022-08-25 10:37:22";"3"
"WOS2208-0024";"3";NULL;"2022-08-27";"2022-08-26";"1";"2022-08-26 13:35:28";"3";"2022-08-26 13:35:28";"3"
"WOS2208-0025";"3";NULL;"2022-08-27";"2022-08-26";"1";"2022-08-26 13:35:48";"3";"2022-08-26 13:35:48";"3"
"WOS2208-0026";"3";NULL;"2022-08-29";"2022-08-27";"1";"2022-08-27 13:27:17";"3";"2022-08-27 13:27:17";"3"
"WOS2208-0027";"3";NULL;"2022-08-30";"2022-08-29";"1";"2022-08-29 15:22:07";"3";"2022-08-29 15:22:07";"3"
"WOS2208-0028";"3";NULL;"2022-08-31";"2022-08-30";"1";"2022-08-30 15:29:28";"3";"2022-08-30 15:29:28";"3"
"WOS2208-0029";"3";NULL;"2022-09-01";"2022-08-31";"1";"2022-08-31 10:42:18";"3";"2022-08-31 10:42:18";"3"
"WOS2209-0001";"3";NULL;"2022-09-02";"2022-09-01";"1";"2022-09-01 14:16:29";"3";"2022-09-01 14:16:29";"3"
"WOS2209-0002";"3";NULL;"2022-09-03";"2022-09-02";"1";"2022-09-02 14:44:29";"3";"2022-09-02 14:44:29";"3"
"WOS2209-0003";"3";NULL;"2022-09-05";"2022-09-03";"1";"2022-09-03 14:11:25";"3";"2022-09-03 14:11:25";"3"
"WOS2209-0004";"3";NULL;"2022-09-06";"2022-09-06";"1";"2022-09-06 13:46:51";"3";"2022-09-06 13:46:51";"3"
"WOS2209-0005";"3";NULL;"2022-09-07";"2022-09-06";"1";"2022-09-06 13:48:39";"3";"2022-09-06 13:49:30";"3"
"WOS2209-0006";"3";NULL;"2022-09-08";"2022-09-07";"1";"2022-09-07 13:56:01";"3";"2022-09-07 13:56:01";"3"
"WOS2209-0007";"3";NULL;"2022-09-09";"2022-09-08";"1";"2022-09-08 14:51:53";"3";"2022-09-08 14:51:53";"3"
"WOS2209-0008";"3";NULL;"2022-09-10";"2022-09-09";"1";"2022-09-09 14:03:38";"3";"2022-09-09 14:03:38";"3"
"WOS2209-0009";"3";NULL;"2022-09-12";"2022-09-10";"1";"2022-09-10 09:53:33";"3";"2022-09-10 09:53:33";"3"
"WOS2209-0010";"3";NULL;"2022-09-13";"2022-09-12";"1";"2022-09-12 10:12:23";"3";"2022-09-12 10:12:23";"3"
"WOS2209-0011";"3";NULL;"2022-09-14";"2022-09-13";"1";"2022-09-13 14:23:09";"3";"2022-09-13 14:23:09";"3"
"WOS2209-0012";"3";NULL;"2022-09-15";"2022-09-14";"1";"2022-09-14 14:01:49";"3";"2022-09-14 14:01:49";"3"
"WOS2209-0013";"3";NULL;"2022-09-16";"2022-09-15";"1";"2022-09-15 14:47:46";"3";"2022-09-15 14:47:46";"3"
"WOS2209-0014";"3";NULL;"2022-09-17";"2022-09-16";"1";"2022-09-16 13:02:39";"3";"2022-09-16 13:02:39";"3"
"WOS2209-0015";"3";NULL;"2022-09-19";"2022-09-17";"1";"2022-09-17 10:21:21";"3";"2022-09-17 10:21:21";"3"
"WOS2209-0016";"3";NULL;"2022-09-20";"2022-09-19";"1";"2022-09-19 13:52:54";"3";"2022-09-19 13:52:54";"3"
"WOS2209-0017";"3";NULL;"2022-09-21";"2022-09-20";"1";"2022-09-20 15:46:07";"3";"2022-09-20 15:46:07";"3"
"WOS2209-0019";"3";NULL;"2022-09-22";"2022-09-21";"1";"2022-09-21 14:12:31";"3";"2022-09-21 14:12:31";"3"
"WOS2209-0020";"3";NULL;"2022-09-23";"2022-09-23";"1";"2022-09-23 09:58:37";"3";"2022-09-23 09:58:37";"3"
"WOS2209-0021";"3";NULL;"2022-09-24";"2022-09-26";"1";"2022-09-26 10:56:49";"3";"2022-09-26 10:56:49";"3"
"WOS2209-0022";"3";NULL;"2022-09-26";"2022-09-26";"1";"2022-09-26 11:03:23";"3";"2022-09-26 11:03:23";"3"
"WOS2209-0023";"3";NULL;"2022-09-27";"2022-09-26";"1";"2022-09-26 13:37:32";"3";"2022-09-26 13:37:32";"3"
"WOS2209-0024";"3";NULL;"2022-09-28";"2022-09-27";"1";"2022-09-27 13:47:28";"3";"2022-09-27 13:47:28";"3"
"WOS2209-0025";"3";NULL;"2022-09-29";"2022-09-28";"1";"2022-09-28 14:24:43";"3";"2022-09-28 14:24:43";"3"
"WOS2209-0026";"3";NULL;"2022-09-30";"2022-09-29";"1";"2022-09-29 13:10:25";"3";"2022-09-29 13:10:25";"3"
"WOS2209-0027";"3";NULL;"2022-10-01";"2022-09-30";"1";"2022-09-30 13:10:03";"3";"2022-09-30 13:10:03";"3"
"WOS2210-0001";"3";NULL;"2022-10-03";"2022-10-01";"1";"2022-10-01 11:18:24";"3";"2022-10-03 10:19:50";"3"
"WOS2210-0002";"3";NULL;"2022-10-04";"2022-10-03";"1";"2022-10-03 14:22:50";"3";"2022-10-03 14:22:50";"3"
"WOS2210-0003";"3";NULL;"2022-10-05";"2022-10-04";"1";"2022-10-04 13:51:37";"3";"2022-10-04 13:51:37";"3"
"WOS2210-0004";"3";NULL;"2022-10-06";"2022-10-06";"1";"2022-10-06 10:41:16";"3";"2022-10-06 10:41:54";"3"
"WOS2210-0005";"3";NULL;"2022-10-07";"2022-10-06";"1";"2022-10-06 14:44:20";"3";"2022-10-06 14:44:20";"3"
"WOS2210-0006";"3";NULL;"2022-10-10";"2022-10-07";"1";"2022-10-07 13:42:42";"3";"2022-10-07 13:42:42";"3"
"WOS2210-0007";"3";NULL;"2022-10-11";"2022-10-10";"1";"2022-10-10 10:24:58";"3";"2022-10-10 10:24:58";"3"
"WOS2210-0008";"3";NULL;"2022-10-12";"2022-10-12";"1";"2022-10-12 09:58:01";"3";"2022-10-12 09:58:01";"3"
"WOS2210-0009";"3";NULL;"2022-10-13";"2022-10-12";"1";"2022-10-12 14:02:08";"3";"2022-10-12 14:02:08";"3"
"WOS2210-0010";"3";NULL;"2022-10-14";"2022-10-13";"1";"2022-10-13 14:10:13";"3";"2022-10-13 14:11:58";"3"
"WOS2210-0011";"3";NULL;"2022-10-15";"2022-10-14";"1";"2022-10-14 14:21:53";"3";"2022-10-14 14:21:53";"3"
"WOS2210-0012";"3";NULL;"2022-10-17";"2022-10-15";"1";"2022-10-15 09:45:12";"3";"2022-10-15 09:45:12";"3"
"WOS2210-0013";"3";NULL;"2022-10-18";"2022-10-17";"1";"2022-10-17 14:32:12";"3";"2022-10-17 14:32:12";"3"
"WOS2210-0014";"3";NULL;"2022-10-19";"2022-10-18";"1";"2022-10-18 10:26:53";"3";"2022-10-18 10:26:53";"3"
"WOS2210-0015";"3";NULL;"2022-10-20";"2022-10-19";"1";"2022-10-19 12:40:53";"3";"2022-10-19 12:40:53";"3"
"WOS2210-0016";"3";NULL;"2022-10-21";"2022-10-20";"1";"2022-10-20 15:08:32";"3";"2022-10-20 15:08:32";"3"
"WOS2210-0017";"3";NULL;"2022-10-22";"2022-10-21";"1";"2022-10-21 14:22:34";"3";"2022-10-21 14:22:34";"3"
"WOS2210-0018";"3";NULL;"2022-10-24";"2022-10-22";"1";"2022-10-22 13:34:01";"3";"2022-10-22 13:34:01";"3"
"WOS2210-0019";"3";NULL;"2022-10-25";"2022-10-24";"1";"2022-10-24 13:31:50";"3";"2022-10-24 13:31:50";"3"
"WOS2210-0020";"3";NULL;"2022-10-26";"2022-10-25";"1";"2022-10-25 13:45:38";"3";"2022-10-25 13:45:38";"3"
"WOS2210-0021";"3";NULL;"2022-10-27";"2022-10-26";"1";"2022-10-26 14:24:14";"3";"2022-10-26 14:24:14";"3"
"WOS2210-0022";"3";NULL;"2022-10-28";"2022-10-27";"1";"2022-10-27 14:20:29";"3";"2022-10-27 14:20:29";"3"
"WOS2210-0023";"3";NULL;"2022-10-29";"2022-10-28";"1";"2022-10-28 14:07:50";"3";"2022-10-28 14:07:50";"3"
"WOS2210-0024";"3";NULL;"2022-10-31";"2022-10-29";"1";"2022-10-29 13:54:04";"3";"2022-10-29 13:54:04";"3"
"WOS2210-0025";"3";NULL;"2022-11-01";"2022-10-31";"1";"2022-10-31 13:13:54";"3";"2022-10-31 13:13:54";"3"
"WOS2211-0001";"3";NULL;"2022-11-02";"2022-11-01";"1";"2022-11-01 14:05:57";"3";"2022-11-01 14:05:57";"3"
"WOS2211-0002";"3";NULL;"2022-11-03";"2022-11-02";"1";"2022-11-02 14:33:54";"3";"2022-11-02 14:33:54";"3"
"WOS2211-0003";"3";NULL;"2022-11-04";"2022-11-04";"1";"2022-11-04 13:32:31";"3";"2022-11-04 13:32:31";"3"
"WOS2211-0004";"3";NULL;"2022-11-05";"2022-11-04";"1";"2022-11-04 13:42:34";"3";"2022-11-04 13:42:34";"3"
"WOS2211-0005";"3";NULL;"2022-11-07";"2022-11-05";"1";"2022-11-05 13:53:32";"3";"2022-11-05 13:53:32";"3"
"WOS2211-0006";"3";NULL;"2022-11-08";"2022-11-07";"1";"2022-11-07 14:34:23";"3";"2022-11-07 14:34:23";"3"
"WOS2211-0007";"3";NULL;"2022-11-09";"2022-11-08";"1";"2022-11-08 14:22:42";"3";"2022-11-08 14:22:42";"3"
"WOS2211-0008";"3";NULL;"2022-11-10";"2022-11-09";"1";"2022-11-09 13:46:04";"3";"2022-11-09 13:46:04";"3"
"WOS2211-0009";"3";NULL;"2022-11-11";"2022-11-10";"1";"2022-11-10 13:51:05";"3";"2022-11-10 13:51:05";"3"
"WOS2211-0010";"3";NULL;"2022-11-12";"2022-11-11";"1";"2022-11-11 13:55:50";"3";"2022-11-11 13:55:50";"3"
"WOS2211-0011";"3";NULL;"2022-11-14";"2022-11-12";"1";"2022-11-12 13:20:33";"3";"2022-11-12 13:20:33";"3"
"WOS2211-0012";"3";NULL;"2022-11-15";"2022-11-14";"1";"2022-11-14 14:08:02";"3";"2022-11-14 14:08:02";"3"
"WOS2211-0013";"3";NULL;"2022-11-16";"2022-11-15";"1";"2022-11-15 14:12:56";"3";"2022-11-15 14:12:56";"3"
"WOS2211-0014";"3";NULL;"2022-11-17";"2022-11-16";"1";"2022-11-16 14:02:32";"3";"2022-11-16 14:02:32";"3"
"WOS2211-0015";"3";NULL;"2022-11-18";"2022-11-17";"1";"2022-11-17 14:24:56";"3";"2022-11-17 14:24:56";"3"
"WOS2211-0016";"3";NULL;"2022-11-19";"2022-11-18";"1";"2022-11-18 14:06:57";"3";"2022-11-18 14:06:57";"3"
"WOS2211-0017";"3";NULL;"2022-11-21";"2022-11-19";"1";"2022-11-19 13:50:00";"3";"2022-11-19 13:50:00";"3"
"WOS2211-0018";"3";NULL;"2022-11-22";"2022-11-21";"1";"2022-11-21 14:42:44";"3";"2022-11-21 14:42:44";"3"
"WOS2211-0019";"3";NULL;"2022-11-23";"2022-11-22";"1";"2022-11-22 14:11:06";"3";"2022-11-22 14:11:06";"3"
"WOS2211-0020";"3";NULL;"2022-11-24";"2022-11-23";"1";"2022-11-23 14:07:55";"3";"2022-11-23 14:07:55";"3"
"WOS2211-0021";"3";NULL;"2022-11-25";"2022-11-24";"1";"2022-11-24 14:16:09";"3";"2022-11-24 14:16:09";"3"
"WOS2211-0022";"3";NULL;"2022-11-25";"2022-11-24";"1";"2022-11-24 14:16:42";"3";"2022-11-24 14:16:42";"3"
"WOS2211-0023";"3";NULL;"2022-11-26";"2022-11-25";"1";"2022-11-25 14:15:46";"3";"2022-11-25 14:15:46";"3"
"WOS2211-0024";"3";NULL;"2022-11-28";"2022-11-26";"1";"2022-11-26 10:32:46";"3";"2022-11-26 10:32:46";"3"
"WOS2211-0025";"3";NULL;"2022-11-29";"2022-11-29";"1";"2022-11-29 14:11:39";"3";"2022-11-29 14:11:39";"3"
"WOS2211-0026";"3";NULL;"2022-11-30";"2022-11-29";"1";"2022-11-29 14:12:59";"3";"2022-11-29 14:12:59";"3"
"WOS2211-0027";"3";NULL;"2022-12-01";"2022-11-30";"1";"2022-11-30 13:48:14";"3";"2022-11-30 13:48:14";"3"
"WOS2212-0001";"3";NULL;"2022-12-02";"2022-12-01";"1";"2022-12-01 13:17:47";"3";"2022-12-01 13:17:47";"3"
"WOS2212-0002";"3";NULL;"2022-12-03";"2022-12-02";"1";"2022-12-02 13:51:30";"3";"2022-12-02 13:51:30";"3"
"WOS2212-0003";"3";NULL;"2022-12-05";"2022-12-03";"1";"2022-12-03 10:47:10";"3";"2022-12-03 10:47:10";"3"
"WOS2212-0005";"3";NULL;"2022-12-06";"2022-12-05";"1";"2022-12-05 15:06:43";"3";"2022-12-05 15:06:43";"3"
"WOS2212-0006";"3";NULL;"2022-12-07";"2022-12-06";"1";"2022-12-06 14:14:01";"3";"2022-12-06 14:14:01";"3"
"WOS2212-0007";"3";NULL;"2022-12-08";"2022-12-07";"1";"2022-12-07 14:18:34";"3";"2022-12-07 14:18:34";"3"
"WOS2212-0008";"3";NULL;"2022-12-09";"2022-12-08";"1";"2022-12-08 11:14:32";"3";"2022-12-08 11:14:32";"3"
"WOS2212-0009";"3";NULL;"2022-12-10";"2022-12-09";"1";"2022-12-09 14:38:06";"3";"2022-12-09 14:41:50";"3"
"WOS2212-0010";"3";NULL;"2022-12-12";"2022-12-10";"1";"2022-12-10 13:55:23";"3";"2022-12-10 13:55:23";"3"
"WOS2212-0011";"3";NULL;"2022-12-13";"2022-12-12";"1";"2022-12-12 14:51:33";"3";"2022-12-12 14:51:33";"3"
"WOS2212-0012";"3";NULL;"2022-12-14";"2022-12-15";"1";"2022-12-15 12:58:28";"3";"2022-12-15 12:58:28";"3"
"WOS2212-0013";"3";NULL;"2022-12-15";"2022-12-15";"1";"2022-12-15 13:00:41";"3";"2022-12-15 13:00:41";"3"
"WOS2212-0014";"3";NULL;"2022-12-16";"2022-12-15";"1";"2022-12-15 13:02:56";"3";"2022-12-15 13:02:56";"3"
"WOS2212-0015";"3";NULL;"2022-12-17";"2022-12-16";"1";"2022-12-16 13:22:12";"3";"2022-12-16 13:22:12";"3"
"WOS2212-0016";"3";NULL;"2022-12-19";"2022-12-17";"1";"2022-12-17 10:55:21";"3";"2022-12-17 10:55:21";"3"
"WOS2212-0017";"3";NULL;"2022-12-20";"2022-12-19";"1";"2022-12-19 13:59:07";"3";"2022-12-19 13:59:07";"3"
"WOS2212-0018";"3";NULL;"2022-12-21";"2022-12-20";"1";"2022-12-20 14:31:45";"3";"2022-12-20 14:31:45";"3"
"WOS2212-0019";"3";NULL;"2022-12-22";"2022-12-21";"1";"2022-12-21 14:11:15";"3";"2022-12-21 14:11:15";"3"
"WOS2212-0020";"3";NULL;"2022-12-23";"2022-12-22";"1";"2022-12-22 13:14:20";"3";"2022-12-22 13:14:20";"3"
"WOS2212-0021";"3";NULL;"2022-12-26";"2022-12-24";"1";"2022-12-24 10:25:39";"3";"2022-12-26 10:14:52";"3"
"WOS2212-0022";"3";NULL;"2022-12-24";"2022-12-26";"1";"2022-12-26 10:16:22";"3";"2022-12-26 10:16:22";"3"
"WOS2212-0023";"3";NULL;"2022-12-27";"2022-12-26";"1";"2022-12-26 14:06:53";"3";"2022-12-26 14:06:53";"3"
"WOS2212-0024";"3";NULL;"2022-12-28";"2022-12-27";"1";"2022-12-27 13:43:28";"3";"2022-12-27 13:43:28";"3"
"WOS2212-0025";"3";NULL;"2022-12-29";"2022-12-28";"1";"2022-12-28 14:01:05";"3";"2022-12-28 14:01:05";"3"
"WOS2212-0026";"3";NULL;"2022-12-30";"2022-12-29";"1";"2022-12-29 13:47:29";"3";"2022-12-29 13:47:29";"3"
"WOS2212-0027";"3";NULL;"2023-01-02";"2022-12-30";"1";"2022-12-30 13:46:03";"3";"2022-12-30 13:46:03";"3"
"WOS2301-0001";"3";NULL;"2023-01-03";"2023-01-02";"1";"2023-01-02 13:37:32";"3";"2023-01-02 13:37:32";"3"
"WOS2301-0003";"3";NULL;"2023-01-04";"2023-01-03";"1";"2023-01-03 13:55:08";"3";"2023-01-03 14:15:37";"3"
"WOS2301-0004";"3";NULL;"2023-01-05";"2023-01-04";"1";"2023-01-04 14:18:43";"3";"2023-01-04 14:18:43";"3"
"WOS2301-0005";"3";NULL;"2023-01-06";"2023-01-05";"1";"2023-01-05 14:03:26";"3";"2023-01-05 14:03:26";"3"
"WOS2301-0006";"3";NULL;"2023-01-07";"2023-01-06";"1";"2023-01-06 14:53:08";"3";"2023-01-06 14:53:08";"3"
"WOS2301-0007";"3";NULL;"2023-01-09";"2023-01-07";"1";"2023-01-07 13:09:13";"3";"2023-01-07 13:09:13";"3"
"WOS2301-0008";"3";NULL;"2023-01-10";"2023-01-09";"1";"2023-01-09 14:50:25";"3";"2023-01-09 14:50:25";"3"
"WOS2301-0009";"3";NULL;"2023-01-11";"2023-01-10";"1";"2023-01-10 14:20:24";"3";"2023-01-10 14:20:24";"3"
"WOS2301-0010";"3";NULL;"2023-01-12";"2023-01-11";"1";"2023-01-11 13:32:15";"3";"2023-01-11 13:32:15";"3"
"WOS2301-0011";"3";NULL;"2023-01-13";"2023-01-12";"1";"2023-01-12 14:07:05";"3";"2023-01-12 14:07:05";"3"
"WOS2301-0012";"3";NULL;"2023-01-14";"2023-01-13";"1";"2023-01-13 13:38:49";"3";"2023-01-13 13:38:49";"3"
"WOS2301-0013";"3";NULL;"2023-01-16";"2023-01-14";"1";"2023-01-14 14:14:04";"3";"2023-01-14 14:14:04";"3"
"WOS2301-0014";"3";NULL;"2023-01-17";"2023-01-16";"1";"2023-01-16 13:39:34";"3";"2023-01-16 13:39:34";"3"
"WOS2301-0015";"3";NULL;"2023-01-18";"2023-01-17";"1";"2023-01-17 14:03:26";"3";"2023-01-17 14:03:26";"3"
"WOS2301-0016";"3";NULL;"2023-01-19";"2023-01-18";"1";"2023-01-18 14:22:38";"3";"2023-01-18 14:22:38";"3"
"WOS2301-0017";"3";NULL;"2023-01-20";"2023-01-19";"1";"2023-01-19 13:47:23";"3";"2023-01-19 13:47:23";"3"
"WOS2301-0018";"3";NULL;"2023-01-21";"2023-01-20";"1";"2023-01-20 14:31:51";"3";"2023-01-20 14:31:51";"3"
"WOS2301-0019";"3";NULL;"2023-01-23";"2023-01-21";"1";"2023-01-21 10:03:18";"3";"2023-01-21 10:03:18";"3"
"WOS2301-0020";"3";NULL;"2023-01-24";"2023-01-23";"1";"2023-01-23 13:36:04";"3";"2023-01-23 13:36:04";"3"
"WOS2301-0021";"3";NULL;"2023-01-25";"2023-01-24";"1";"2023-01-24 14:11:06";"3";"2023-01-24 14:11:06";"3"
"WOS2301-0022";"3";NULL;"2023-01-26";"2023-01-25";"1";"2023-01-25 10:31:54";"3";"2023-01-25 10:31:54";"3"
"WOS2301-0023";"3";NULL;"2023-01-27";"2023-01-27";"1";"2023-01-27 13:54:57";"3";"2023-01-27 13:54:57";"3"
"WOS2301-0024";"3";NULL;"2023-01-28";"2023-01-27";"1";"2023-01-27 13:59:20";"3";"2023-01-27 13:59:20";"3"
"WOS2301-0025";"3";NULL;"2023-01-30";"2023-01-28";"1";"2023-01-28 10:11:02";"3";"2023-01-28 10:11:02";"3"
"WOS2301-0026";"3";NULL;"2023-01-31";"2023-01-30";"1";"2023-01-30 14:16:19";"3";"2023-01-31 13:49:53";"3"
"WOS2301-0027";"3";NULL;"2023-02-01";"2023-01-31";"1";"2023-01-31 13:52:01";"3";"2023-01-31 13:52:01";"3"
"WOS2302-0001";"3";NULL;"2023-02-02";"2023-02-01";"1";"2023-02-01 14:22:10";"3";"2023-02-01 14:22:10";"3"
"WOS2302-0002";"3";NULL;"2023-02-03";"2023-02-02";"1";"2023-02-02 13:54:20";"3";"2023-02-02 13:54:20";"3"
"WOS2302-0003";"3";NULL;"2023-02-04";"2023-02-03";"1";"2023-02-03 14:25:22";"3";"2023-02-03 14:25:22";"3"
"WOS2302-0004";"3";NULL;"2023-02-06";"2023-02-04";"1";"2023-02-04 10:36:33";"3";"2023-02-04 10:36:33";"3"
"WOS2302-0005";"3";NULL;"2023-02-07";"2023-02-06";"1";"2023-02-06 14:36:53";"3";"2023-02-06 14:36:53";"3"
"WOS2302-0006";"3";NULL;"2023-02-08";"2023-02-07";"1";"2023-02-07 14:00:19";"3";"2023-02-07 14:00:19";"3"
"WOS2302-0007";"3";NULL;"2023-02-09";"2023-02-08";"1";"2023-02-08 13:55:00";"3";"2023-02-08 13:55:00";"3"
"WOS2302-0008";"3";NULL;"2023-02-10";"2023-02-09";"1";"2023-02-09 14:30:29";"3";"2023-02-09 14:30:29";"3"
"WOS2302-0009";"3";NULL;"2023-02-11";"2023-02-11";"1";"2023-02-11 13:22:23";"3";"2023-02-11 13:22:23";"3"
"WOS2302-0010";"3";NULL;"2023-02-13";"2023-02-11";"1";"2023-02-11 13:23:21";"3";"2023-02-11 13:23:21";"3"
"WOS2302-0011";"3";NULL;"2023-02-14";"2023-02-13";"1";"2023-02-13 13:24:24";"3";"2023-02-13 13:24:24";"3"
"WOS2302-0012";"3";NULL;"2023-02-15";"2023-02-15";"1";"2023-02-15 09:10:21";"3";"2023-02-15 09:10:21";"3"
"WOS2302-0013";"3";NULL;"2023-02-16";"2023-02-16";"1";"2023-02-16 15:10:07";"3";"2023-02-16 15:10:07";"3"
"WOS2302-0014";"3";NULL;"2023-02-17";"2023-02-16";"1";"2023-02-16 15:12:00";"3";"2023-02-16 15:12:00";"3"
"WOS2302-0015";"3";NULL;"2023-02-20";"2023-02-20";"1";"2023-02-20 13:19:51";"3";"2023-02-20 13:19:51";"3"
"WOS2302-0016";"3";NULL;"2023-02-21";"2023-02-20";"1";"2023-02-20 13:21:25";"3";"2023-02-20 13:21:25";"3"
"WOS2302-0017";"3";NULL;"2023-02-22";"2023-02-21";"1";"2023-02-21 13:54:00";"3";"2023-02-21 13:54:00";"3"
"WOS2302-0018";"3";NULL;"2023-02-23";"2023-02-22";"1";"2023-02-22 14:13:01";"3";"2023-02-22 14:13:01";"3"
"WOS2302-0019";"3";NULL;"2023-02-24";"2023-02-23";"1";"2023-02-23 13:57:45";"3";"2023-02-23 13:57:45";"3"
"WOS2302-0020";"3";NULL;"2023-02-25";"2023-02-24";"1";"2023-02-24 10:18:32";"3";"2023-02-24 10:18:32";"3"
"WOS2302-0021";"3";NULL;"2023-02-27";"2023-02-25";"1";"2023-02-25 13:41:22";"3";"2023-02-25 13:41:22";"3"
"WOS2302-0022";"3";NULL;"2023-02-28";"2023-02-27";"1";"2023-02-27 14:10:50";"3";"2023-02-27 14:10:50";"3"
"WOS2302-0023";"3";NULL;"2023-03-01";"2023-02-28";"1";"2023-02-28 14:03:39";"3";"2023-02-28 14:03:39";"3"
"WOS2303-0001";"3";NULL;"2023-03-02";"2023-03-01";"1";"2023-03-01 13:40:05";"3";"2023-03-01 13:40:05";"3"
"WOS2303-0002";"3";NULL;"2023-03-03";"2023-03-04";"1";"2023-03-04 13:24:56";"3";"2023-03-04 13:24:56";"3"
"WOS2303-0003";"3";NULL;"2023-03-04";"2023-03-04";"1";"2023-03-04 13:28:34";"3";"2023-03-04 13:28:34";"3"
"WOS2303-0004";"3";NULL;"2023-03-06";"2023-03-06";"1";"2023-03-06 14:25:31";"3";"2023-03-07 09:41:10";"3"
"WOS2303-0005";"3";NULL;"2023-03-07";"2023-03-06";"1";"2023-03-06 14:26:48";"3";"2023-03-06 14:26:48";"3"
"WOS2303-0006";"3";NULL;"2023-03-06";"2023-03-07";"1";"2023-03-07 09:37:29";"3";"2023-03-07 09:37:29";"3"
"WOS2303-0007";"3";NULL;"2023-03-08";"2023-03-07";"1";"2023-03-07 14:03:19";"3";"2023-03-07 14:03:19";"3"
"WOS2303-0008";"3";NULL;"2023-03-09";"2023-03-08";"1";"2023-03-08 14:07:49";"3";"2023-03-08 14:07:49";"3"
"WOS2303-0009";"3";NULL;"2023-03-10";"2023-03-09";"1";"2023-03-09 14:10:46";"3";"2023-03-09 14:10:46";"3"
"WOS2303-0010";"3";NULL;"2023-03-11";"2023-03-11";"1";"2023-03-11 09:53:37";"3";"2023-03-11 10:00:53";"3"
"WOS2303-0011";"3";NULL;"2023-03-13";"2023-03-11";"1";"2023-03-11 10:02:29";"3";"2023-03-11 10:02:29";"3"
"WOS2303-0012";"3";NULL;"2023-03-14";"2023-03-13";"1";"2023-03-13 09:59:38";"3";"2023-03-14 09:38:37";"3"
"WOS2303-0013";"3";NULL;"2023-03-14";"2023-03-14";"1";"2023-03-14 09:36:55";"3";"2023-03-14 09:36:55";"3"
"WOS2303-0014";"3";NULL;"2023-03-15";"2023-03-14";"1";"2023-03-14 09:41:10";"3";"2023-03-14 09:41:10";"3"
"WOS2303-0015";"3";NULL;"2023-03-16";"2023-03-15";"1";"2023-03-15 10:19:32";"3";"2023-03-15 10:19:32";"3"
"WOS2303-0016";"3";NULL;"2023-03-17";"2023-03-16";"1";"2023-03-16 10:39:25";"3";"2023-03-16 10:39:25";"3"
"WOS2303-0017";"3";NULL;"2023-03-18";"2023-03-17";"1";"2023-03-17 10:15:05";"3";"2023-03-17 10:15:05";"3"
"WOS2303-0018";"3";NULL;"2023-03-20";"2023-03-18";"1";"2023-03-18 14:20:29";"3";"2023-03-18 14:20:29";"3"
"WOS2303-0019";"3";NULL;"2023-03-21";"2023-03-20";"1";"2023-03-20 10:17:51";"3";"2023-03-20 10:17:51";"3"
"WOS2303-0020";"3";NULL;"2023-03-22";"2023-03-21";"1";"2023-03-21 10:42:18";"3";"2023-03-23 14:11:07";"3"
"WOS2303-0021";"3";NULL;"2023-03-24";"2023-03-23";"1";"2023-03-23 14:10:45";"3";"2023-03-23 14:10:45";"3"
"WOS2303-0022";"3";NULL;"2023-03-25";"2023-03-24";"1";"2023-03-24 14:06:49";"3";"2023-03-24 14:06:49";"3"
"WOS2303-0023";"3";NULL;"2023-03-27";"2023-03-25";"1";"2023-03-25 09:18:51";"3";"2023-03-25 09:18:51";"3"
"WOS2303-0024";"3";NULL;"2023-03-28";"2023-03-27";"1";"2023-03-27 10:23:21";"3";"2023-03-27 10:23:21";"3"
"WOS2303-0025";"3";NULL;"2023-03-29";"2023-03-28";"1";"2023-03-28 13:56:15";"3";"2023-03-28 13:56:15";"3"
"WOS2303-0026";"3";NULL;"2023-03-30";"2023-03-29";"1";"2023-03-29 10:13:41";"3";"2023-03-29 10:13:41";"3"
